"date","event","_dlt_root_id","_dlt_parent_id","_dlt_list_idx","_dlt_id"
"2024-11-12",1,"W3HjfGk9sD7qAw","W3HjfGk9sD7qAw",0,"fVhRPetYzxBJtg"
"2025-02-03",9,"W3HjfGk9sD7qAw","W3HjfGk9sD7qAw",1,"DdM7MS07xAPjTQ"
"2024-11-12",1,"5rkdPpi5XmM2Lw","5rkdPpi5XmM2Lw",0,"jS1fhwPK5q6o7A"
"2025-02-03",9,"5rkdPpi5XmM2Lw","5rkdPpi5XmM2Lw",1,"pFtcd9yijeZ/bw"
"2024-11-12",1,"4IMxHZ4dSlYj1Q","4IMxHZ4dSlYj1Q",0,"O7OBf5v8QCN0bA"
"2024-11-12",1,"9oKS3XfAf+okdw","9oKS3XfAf+okdw",0,"xugvKzmno3N55Q"
"2025-02-03",9,"9oKS3XfAf+okdw","9oKS3XfAf+okdw",1,"jZioRW/F4idBWA"
"2024-11-12",1,"KLWsYJ2q7cFfTA","KLWsYJ2q7cFfTA",0,"GUkjdnGvIodLPw"
"2025-02-03",9,"KLWsYJ2q7cFfTA","KLWsYJ2q7cFfTA",1,"MvRbkML1BTCKDg"
"2024-11-13",1,"3PWWvVCmOFR4og","3PWWvVCmOFR4og",0,"PomKLSv8uNcqYQ"
"2025-02-03",9,"3PWWvVCmOFR4og","3PWWvVCmOFR4og",1,"2eJl37Na9UoScA"
"2024-11-13",1,"kbyRuGe0+B1wTA","kbyRuGe0+B1wTA",0,"mC76UMWHWw/BAg"
"2025-02-03",9,"kbyRuGe0+B1wTA","kbyRuGe0+B1wTA",1,"xw0XLQnhaP3V+Q"
"2024-11-12",1,"k4s+sQI6CyryWw","k4s+sQI6CyryWw",0,"8ZsPRlRLnM1zVg"
"2024-11-12",1,"B2wCzyDd6AmY9w","B2wCzyDd6AmY9w",0,"3P4L4fleAmByVw"
"2024-11-22",1,"M3TsCiHT5hFQ1A","M3TsCiHT5hFQ1A",0,"b/BM6gyRJEwyIA"
"2025-02-03",9,"M3TsCiHT5hFQ1A","M3TsCiHT5hFQ1A",1,"uRyirV1VGENH0A"
"2024-11-12",1,"8L/m8L5Q9I3h6Q","8L/m8L5Q9I3h6Q",0,"R2UXtFCbocPRtA"
"2024-11-12",1,"H0GU3Iu+of/R4Q","H0GU3Iu+of/R4Q",0,"frxKcB1K4YRM/A"
"2024-11-12",1,"mRSFrHCeXgukZQ","mRSFrHCeXgukZQ",0,"+fXjWWiHdpLDNw"
"2024-11-12",1,"hEsCdXcA17KbaQ","hEsCdXcA17KbaQ",0,"5co5iw/K7ZWRag"
"2024-11-12",1,"gL/EMZiXnlQ4bQ","gL/EMZiXnlQ4bQ",0,"wXDoYzann6kUzQ"
"2024-11-12",1,"L2gDxfkOF0pzOw","L2gDxfkOF0pzOw",0,"ksIOzlcyevL15A"
"2024-11-12",1,"+2N/by3J5qWGOw","+2N/by3J5qWGOw",0,"WyubSnHNt9E1uw"
"2024-11-12",1,"NjK4j2GzwdVgXQ","NjK4j2GzwdVgXQ",0,"F+ebZKxG4gaJUg"
"2024-11-12",1,"RS2+s2QynZ7wyg","RS2+s2QynZ7wyg",0,"6EJyCa2Zcat1OA"
"2024-11-12",1,"W0ANUAVHj4P8Tg","W0ANUAVHj4P8Tg",0,"bHHY2oVpkEItkg"
"2024-11-12",1,"sSiKItVaKTavVA","sSiKItVaKTavVA",0,"JJ7rT7dhqazFxQ"
"2024-11-13",1,"L0THNoH3vFPuVw","L0THNoH3vFPuVw",0,"2QF6gBC+qbMyjw"
"2024-11-14",1,"k5/gmoTbU3szRA","k5/gmoTbU3szRA",0,"cRM45QvtZF9V2w"
"2024-12-03",1,"ukDXrGyTrkL58A","ukDXrGyTrkL58A",0,"uyQSAlhpCOC/mQ"
"2024-12-11",1,"pGRPO3/549Wy2Q","pGRPO3/549Wy2Q",0,"tJOL/daXUNasVA"
"2024-12-16",1,"EaShiLpuwEN2xA","EaShiLpuwEN2xA",0,"P+S2nD5XO4qzrw"
"2024-12-18",1,"G2WJ+laxM1nDHA","G2WJ+laxM1nDHA",0,"rfXV9da3ll+pyQ"
